Имя объекта;Тип объекта;Синоним;Файл
Константа.НастройкаПроксиСервера;Константа;Налаштування проксі сервера;Константа_НастройкаПроксиСервера.md
Константа.НастройкиВходаПользователей;Константа;Налаштування входу користувачів;Константа_НастройкиВходаПользователей.md
Константа.НастройкиВыгрузкиНоменклатуры;Константа;Налаштування вивантаження номенклатури;Константа_НастройкиВыгрузкиНоменклатуры.md
Константа.НастройкиЗагрузкиКурсовВалют;Константа;Налаштування завантаження курсів валют;Константа_НастройкиЗагрузкиКурсовВалют.md
Константа.НастройкиКолонтитулов;Константа;Налаштування колонтитулів;Константа_НастройкиКолонтитулов.md
Константа.НастройкиКонтроляДублейКонтакты;Константа;Налаштування контролю дублів контакти;Константа_НастройкиКонтроляДублейКонтакты.md
Константа.НастройкиКонтроляДублейКонтрагенты;Константа;Налаштування контролю дублів контрагенти;Константа_НастройкиКонтроляДублейКонтрагенты.md
Константа.НастройкиКонтроляДублейЛиды;Константа;Налаштування контролю дублів ліди;Константа_НастройкиКонтроляДублейЛиды.md
Константа.НастройкиКонтроляДублейНоменклатура;Константа;Налаштування контролю дублів номенклатура;Константа_НастройкиКонтроляДублейНоменклатура.md
Константа.НастройкиПодчиненногоУзлаРИБ;Константа;Налаштування підлеглого вузла РІБ;Константа_НастройкиПодчиненногоУзлаРИБ.md
Константа.НастройкиРасчетаРазмераПриложений;Константа;Налаштування розрахунку розміру додатків;Константа_НастройкиРасчетаРазмераПриложений.md
Константа.НастройкиТелефонии;Константа;Налаштування телефонії;Константа_НастройкиТелефонии.md
Константа.НастройкиЧатботов;Константа;Налаштування чатботів;Константа_НастройкиЧатботов.md
Константа.НациональнаяВалюта;Константа;Національна валюта;Константа_НациональнаяВалюта.md
Константа.НеДополнятьНаименованиеНомеромГТДВНалоговыхДокументах;Константа;Виводити найменування товару без зазначення номеру та дати ВМД;Константа_НеДополнятьНаименованиеНомеромГТДВНалоговыхДокументах.md
Константа.НезависимоеИспользованиеДополнительныхОтчетовИОбработокВМоделиСервиса;Константа;Незалежне використання додаткових звітів і обробок в моделі сервісу;Константа_НезависимоеИспользованиеДополнительныхОтчетовИОбработокВМоделиСервиса.md
Константа.НезависимоеИспользованиеРасширенийВМоделиСервиса;Константа;Незалежне використання розширень в моделі сервісу;Константа_НезависимоеИспользованиеРасширенийВМоделиСервиса.md
Константа.НеИспользоватьНесколькоОрганизаций;Константа;Не використовувати декілька організацій;Константа_НеИспользоватьНесколькоОрганизаций.md
Константа.НеИспользоватьРазделениеПоОбластямДанных;Константа;Не використовувати розподіл по областях даних;Константа_НеИспользоватьРазделениеПоОбластямДанных.md
Константа.НижняяГраницаДиапазонаSKUВесовогоТовара;Константа;Нижня межа діапазону SKU вагового товару;Константа_НижняяГраницаДиапазонаSKUВесовогоТовара.md
Константа.ОбщиеНастройкиТелефонии;Константа;Загальні налаштування телефонії;Константа_ОбщиеНастройкиТелефонии.md
Константа.ОбщиеНастройкиЧатботов;Константа;Загальні налаштування чатботів;Константа_ОбщиеНастройкиЧатботов.md
Константа.ОбязательноЗаполнятьИсточникПривлечения;Константа;Обов`язково заповнювати джерело залучення;Константа_ОбязательноЗаполнятьИсточникПривлечения.md
Константа.ОграничиватьДоступНаУровнеЗаписей;Константа;Обмежувати доступ на рівні записів;Константа_ОграничиватьДоступНаУровнеЗаписей.md
Константа.ОграничиватьДоступНаУровнеЗаписейУниверсально;Константа;Обмежувати доступ на рівні записів універсально;Константа_ОграничиватьДоступНаУровнеЗаписейУниверсально.md
Константа.ОснованиеПечатиЗаказПокупателя;Константа;Підстава друку замовлення покупця;Константа_ОснованиеПечатиЗаказПокупателя.md
Константа.ОснованиеПечатиСчетНаОплату;Константа;Підстава друку рахунки на оплату;Константа_ОснованиеПечатиСчетНаОплату.md
Константа.ОсновнойЯзык;Константа;Основна мова;Константа_ОсновнойЯзык.md
Константа.ОтложенноеОбновлениеВГлавномУзлеЗавершеноУспешно;Константа;Відкладене оновлення в головному вузлі завершено успішно;Константа_ОтложенноеОбновлениеВГлавномУзлеЗавершеноУспешно.md
Константа.ОтложенноеОбновлениеЗавершеноУспешно;Константа;Відкладене оновлення завершено успішно;Константа_ОтложенноеОбновлениеЗавершеноУспешно.md
Константа.ОтображатьБыстрыеДействия;Константа;Відображати швидкі дії;Константа_ОтображатьБыстрыеДействия.md
Константа.ОтображатьДокументыПоБанку;Константа;Відображати документи за банком;Константа_ОтображатьДокументыПоБанку.md
Константа.ОтображатьДокументыПоЗакупкам;Константа;Відображати документи за закупівлями;Константа_ОтображатьДокументыПоЗакупкам.md
Константа.ОтображатьДокументыПоЗапасам;Константа;Відображати документи за запасами;Константа_ОтображатьДокументыПоЗапасам.md
Константа.ОтображатьДокументыПоПродажам;Константа;Відображати документи з продажів;Константа_ОтображатьДокументыПоПродажам.md
Константа.ОтображатьДокументыПоСкладу;Константа;Відображати документи за складом;Константа_ОтображатьДокументыПоСкладу.md
Константа.ОтображатьКомандуПереходаКМП;Константа;Відображати команду переходу до мобільної програми;Константа_ОтображатьКомандуПереходаКМП.md
Константа.ОтображатьМакетОписанияИзменений;Константа;Відображати макет опису змін;Константа_ОтображатьМакетОписанияИзменений.md
Константа.ОтображатьМусорнуюКорзину;Константа;Відображати кошик для сміття;Константа_ОтображатьМусорнуюКорзину.md
Константа.ОтображатьПереходКПанелиОтчетовОсновнойРаздел;Константа;Відображати перехід до панелі звітів основний розділ;Константа_ОтображатьПереходКПанелиОтчетовОсновнойРаздел.md
Константа.ОтображатьПереходКСпискуНоменклатурыВГлавном;Константа;Відображати перехід до списку номенклатури в головному;Константа_ОтображатьПереходКСпискуНоменклатурыВГлавном.md
Константа.ОтображатьПереходКСпискуПокупателей;Константа;Відображати перехід до списку покупців;Константа_ОтображатьПереходКСпискуПокупателей.md
Константа.ОтображатьПульсБизнеса;Константа;Відображати пульс бізнесу;Константа_ОтображатьПульсБизнеса.md
Константа.ОтображатьСчетаУчета;Константа;Відображати рахунки обліку;Константа_ОтображатьСчетаУчета.md
Константа.ОтображатьТекущиеДела;Константа;Відображати поточні справи;Константа_ОтображатьТекущиеДела.md
Константа.ОценкаПроизводительностиПериодЗаписи;Константа;Оцінка продуктивності період запису;Константа_ОценкаПроизводительностиПериодЗаписи.md
Константа.ПараметрыАдминистрированияИБ;Константа;Параметри адміністрування ІБ;Константа_ПараметрыАдминистрированияИБ.md
Константа.ПараметрыБлокировкиРаботыСВнешнимиРесурсами;Константа;Параметри блокування роботи із зовнішніми ресурсами;Константа_ПараметрыБлокировкиРаботыСВнешнимиРесурсами.md
Константа.ПараметрыЗапускаИнтерактивнойПроцедурыЗагрузки;Константа;Параметри запуску інтерактивної процедури завантаження;Константа_ПараметрыЗапускаИнтерактивнойПроцедурыЗагрузки.md
Константа.ПараметрыИтоговИАгрегатов;Константа;Параметри підсумків та агрегатів;Константа_ПараметрыИтоговИАгрегатов.md
Константа.ПараметрыРезервногоКопирования;Константа;Параметри резервного копіювання;Константа_ПараметрыРезервногоКопирования.md
Константа.ПараметрыХраненияФайловВИБ;Константа;Параметри зберігання файлів в ІБ;Константа_ПараметрыХраненияФайловВИБ.md
Константа.ПараметрыЦентраМониторинга;Константа;Параметри центру моніторингу;Константа_ПараметрыЦентраМониторинга.md
Константа.ПервоеОбновлениеДоступаЗавершилось;Константа;Перше оновлення доступу завершилося;Константа_ПервоеОбновлениеДоступаЗавершилось.md
Константа.ПервоначальнаяНастройкаЗаполненыНачальныеОстатки;Константа;Первісне налаштування заповнені початкові залишки;Константа_ПервоначальнаяНастройкаЗаполненыНачальныеОстатки.md
Константа.ПервоначальнаяНастройкаЗаполненыСведенияОбОрганизации;Константа;Первісне налаштування заповнені відомості про організацію;Константа_ПервоначальнаяНастройкаЗаполненыСведенияОбОрганизации.md
Константа.ПередачаТоваровМеждуОрганизациями;Константа;Передача товарів між організаціями;Константа_ПередачаТоваровМеждуОрганизациями.md
Константа.ПереноситьДатуЗапретаРедактирования;Константа;Переносити дату заборони редагування при закритті місяця;Константа_ПереноситьДатуЗапретаРедактирования.md
Константа.ПериодХраненияЗамеров;Константа;Період зберігання вимірів;Константа_ПериодХраненияЗамеров.md
Константа.ПериодХраненияИсторииЗапусковЗаданийОчереди;Константа;Період зберігання історії запусків завдань черги (годин);Константа_ПериодХраненияИсторииЗапусковЗаданийОчереди.md
Константа.ПечататьДатыВНалоговыхНакладныхСРазделителями;Константа;Друкувати дати в податкових накладних з роздільниками;Константа_ПечататьДатыВНалоговыхНакладныхСРазделителями.md
Константа.ПечататьКодУКТВЭДБезПробелов;Константа;Друкувати код УКТ ЗЕД без пробілів;Константа_ПечататьКодУКТВЭДБезПробелов.md
Константа.ПечататьКороткийСлипЧек;Константа;Друкувати короткий сліп чек;Константа_ПечататьКороткийСлипЧек.md
Константа.ПечататьТитульныйЛистДляПриложения2КНалоговойНакладной;Константа;Друкувати титульний аркуш для документа "Додаток 2 до податкової накладної";Константа_ПечататьТитульныйЛистДляПриложения2КНалоговойНакладной.md
Константа.ПечатьПользовательскихЕдиницИзмерения;Константа;Друк користувацьких одиниць виміру;Константа_ПечатьПользовательскихЕдиницИзмерения.md
Константа.ПовторитьЗагрузкуСообщенияОбменаДаннымиПередЗапуском;Константа;Повторити завантаження повідомлення обміну даними перед запуском;Константа_ПовторитьЗагрузкуСообщенияОбменаДаннымиПередЗапуском.md
Константа.ПоддержкаРезервногоКопирования;Константа;Підтримка резервного копіювання;Константа_ПоддержкаРезервногоКопирования.md
Константа.ПользовательСтандартногоИнтерфейсаOData;Константа;Користувач стандартного інтерфейсу OData;Константа_ПользовательСтандартногоИнтерфейсаOData.md
Константа.ПоследнееОбновлениеДоступа;Константа;Останнє оновлення доступу;Константа_ПоследнееОбновлениеДоступа.md
Константа.ПоследняяДатаПроверкиВходящихСообщенийИнтеграции;Константа;Остання дата перевірки вхідних повідомлень інтеграції;Константа_ПоследняяДатаПроверкиВходящихСообщенийИнтеграции.md
Константа.ПравилоЗаполненияНомераСчетаНаОплату;Константа;Правило заповнення номера рахунку на оплату;Константа_ПравилоЗаполненияНомераСчетаНаОплату.md
Константа.ПрайсЛистВыводитьКод;Константа;У прайс лист виводити код номенклатури (Так) або артикул (Ні);Константа_ПрайсЛистВыводитьКод.md
Константа.ПрайсЛистВыводитьПолноеНаименование;Константа;У прайс лист виводити повне найменування (Так), коротке (Ні);Константа_ПрайсЛистВыводитьПолноеНаименование.md
Константа.ПрайсЛистИспользоватьИерархиюНоменклатуры;Константа;Формувати прайс лист по ієрархії номенклатури;Константа_ПрайсЛистИспользоватьИерархиюНоменклатуры.md
Константа.ПрайсЛистФормироватьПоНаличиюНаСкладах;Константа;Формувати прайс-лист по наявності на складах;Константа_ПрайсЛистФормироватьПоНаличиюНаСкладах.md
Константа.ПредложитьЗаполнитьПоставляемыеШаблоныДоговоровКонтрагентов;Константа;Запропонувати заповнити шаблони договорів контрагентів, що поставляються;Константа_ПредложитьЗаполнитьПоставляемыеШаблоныДоговоровКонтрагентов.md
Константа.ПредложитьЗаполнитьПоставляемыеШаблоныКоммерческогоПредложения;Константа;Запропонувати заповнити шаблони комерційної пропозиції, що поставляються;Константа_ПредложитьЗаполнитьПоставляемыеШаблоныКоммерческогоПредложения.md
Константа.ПредставлениеКодовВПечатныхФормах;Константа;Представлення кодів в друкованих формах;Константа_ПредставлениеКодовВПечатныхФормах.md
Константа.ПредставлениеНомераДокументаБезПрефиксаИнформационнойБазы;Константа;Представлення номера документа без префікса інформаційної бази;Константа_ПредставлениеНомераДокументаБезПрефиксаИнформационнойБазы.md
Константа.ПредставлениеНомераДокументаБезПрефиксаОрганизации;Константа;Представлення номера документа без префікса організації;Константа_ПредставлениеНомераДокументаБезПрефиксаОрганизации.md
Константа.ПредставлениеНомераДокументаБезПрефиксаПользователя;Константа;Представлення номера документа без префікса користувача;Константа_ПредставлениеНомераДокументаБезПрефиксаПользователя.md
Константа.ПредставлениеНомераДокументаСЛидирующимиНулями;Константа;Представлення номера документа з лідируючими нулями;Константа_ПредставлениеНомераДокументаСЛидирующимиНулями.md
Константа.ПредставлениеОбластиДанных;Константа;Представлення області даних;Константа_ПредставлениеОбластиДанных.md
Константа.ПредставлениеСкидкиВПечатнойФорме;Константа;Представлення знижки в друкованих формах;Константа_ПредставлениеСкидкиВПечатнойФорме.md
Константа.ПрефиксВнутреннегоШтрихкодаШтучногоТовара;Константа;Префікс внутрішнього штрихкода штучного товару;Константа_ПрефиксВнутреннегоШтрихкодаШтучногоТовара.md
Константа.ПрефиксДляОбменаССайтом;Константа;Префікс для обміну з сайтом;Константа_ПрефиксДляОбменаССайтом.md
Константа.ПрефиксОбластиДанных;Константа;Префікс області даних;Константа_ПрефиксОбластиДанных.md
Константа.ПрефиксПоследнегоАвтономногоРабочегоМеста;Константа;Префікс останнього автономного робочого місця;Константа_ПрефиксПоследнегоАвтономногоРабочегоМеста.md
Константа.ПрефиксСервисаДляНовостей;Константа;Префікс сервісу для новин;Константа_ПрефиксСервисаДляНовостей.md
Константа.ПрефиксУзлаРаспределеннойИнформационнойБазы;Константа;Префікс інформаційної бази;Константа_ПрефиксУзлаРаспределеннойИнформационнойБазы.md
Константа.ПрефиксШтрихкодовУзлаРИБ;Константа;Префікс штрихкодів вузла РІБ;Константа_ПрефиксШтрихкодовУзлаРИБ.md
Константа.ПриоритетОбновленияВОбластяхДанных;Константа;Пріоритет оновлення в областях даних;Константа_ПриоритетОбновленияВОбластяхДанных.md
Константа.ПровайдерSMS;Константа;Провайдер SMS;Константа_ПровайдерSMS.md
Константа.ПроверятьИспользованиеУдаляемыхОбъектов;Константа;Перевіряти використання об`єктів, що вилучаються;Константа_ПроверятьИспользованиеУдаляемыхОбъектов.md
Константа.ПроверятьЭлектронныеПодписиНаСервере;Константа;Перевіряти електронні підписи на сервері;Константа_ПроверятьЭлектронныеПодписиНаСервере.md
Константа.ПроизводственныйКалендарьРасчетаДатыОтгрузки;Константа;Виробничий календар для розрахунку дати відвантаження;Константа_ПроизводственныйКалендарьРасчетаДатыОтгрузки.md
Константа.ПрофильБезопасностиИнформационнойБазы;Константа;Профіль безпеки інформаційної бази;Константа_ПрофильБезопасностиИнформационнойБазы.md
Константа.ПутьКТомуБезУчетаРегиональныхНастроек;Константа;Шлях до тому без урахування регіональних налаштувань;Константа_ПутьКТомуБезУчетаРегиональныхНастроек.md
Константа.РазмерБлокаПередачиФайла;Константа;Розмір блоку передачі файлу;Константа_РазмерБлокаПередачиФайла.md
Константа.РазрешенныеНеаккредитованныеУЦ;Константа;Дозволені неакредитовані УЦ;Константа_РазрешенныеНеаккредитованныеУЦ.md
Константа.РазрешитьВыполнениеДООРегламентнымиЗаданиямиВМоделиСервиса;Константа;Дозволити виконання додаткових звітів і обробок регламентними завданнями в моделі сервісу;Константа_РазрешитьВыполнениеДООРегламентнымиЗаданиямиВМоделиСервиса.md
Константа.РасчетСтоимостиОперацийПоНормеВремени;Константа;Розрахунок вартості операцій по нормі часу;Константа_РасчетСтоимостиОперацийПоНормеВремени.md
Константа.РегистрДвиженияДенежныхСредствЗаполнен;Константа;Регістр руху грошових коштів заповнений;Константа_РегистрДвиженияДенежныхСредствЗаполнен.md
Константа.РежимИспользованияИнформационнойБазы;Константа;Режим використання інформаційної бази;Константа_РежимИспользованияИнформационнойБазы.md
Константа.РежимОчисткиФайлов;Константа;Режим очищення файлів;Константа_РежимОчисткиФайлов.md
Константа.РозницаВАвтономномРабочемМесте;Константа;Роздріб в автономному робочому місці;Константа_РозницаВАвтономномРабочемМесте.md
Константа.СведенияОБлокируемыхОбъектах;Константа;Відомості про об`єкти, що блокуються;Константа_СведенияОБлокируемыхОбъектах.md
Константа.СведенияОбОбновленииИБ;Константа;Відомості про оновлення ІБ;Константа_СведенияОбОбновленииИБ.md
Константа.СервисМассовыхРассылок;Константа;Сервіс масових розсилок;Константа_СервисМассовыхРассылок.md
Константа.СервисПереводаТекста;Константа;Сервіс перекладу тексту;Константа_СервисПереводаТекста.md
Константа.СимволПустыхПоказателейВНалоговойНакладной;Константа;Символ для порожніх показників в податковій накладній;Константа_СимволПустыхПоказателейВНалоговойНакладной.md
Константа.СинхронизироватьДанныеСПриложениемВИнтернетеПриЗавершенииРаботыПрограммы;Константа;Синхронізувати дані з додатком в Інтернеті при завершенні роботи програми;Константа_СинхронизироватьДанныеСПриложениемВИнтернетеПриЗавершенииРаботыПрограммы.md
Константа.СинхронизироватьДанныеСПриложениемВИнтернетеПриНачалеРаботыПрограммы;Константа;Синхронізувати дані з додатком в Інтернеті при початку роботи програми;Константа_СинхронизироватьДанныеСПриложениемВИнтернетеПриНачалеРаботыПрограммы.md
Константа.СинхронизироватьФайлы;Константа;Синхронізувати файли з хмарними сервісами;Константа_СинхронизироватьФайлы.md
Константа.СистемаНалогообложения;Константа;Система оподаткування;Константа_СистемаНалогообложения.md
Константа.СоздаватьПодкаталогиСИменамиВладельцев;Константа;Створювати підкаталоги з іменами власників;Константа_СоздаватьПодкаталогиСИменамиВладельцев.md
Константа.СоздаватьЭлектронныеПодписиНаСервере;Константа;(не використовується) Створювати електронні підписи на сервері;Константа_СоздаватьЭлектронныеПодписиНаСервере.md
Константа.СообщениеБлокировкиПриОбновленииКонфигурации;Константа;Повідомлення блокування при оновленні конфігурації;Константа_СообщениеБлокировкиПриОбновленииКонфигурации.md
Константа.СообщениеОбменаДаннымиИзГлавногоУзла;Константа;Повідомлення обміну даними з головного вузла;Константа_СообщениеОбменаДаннымиИзГлавногоУзла.md
Константа.СостояниеОтправкиСерверныхОповещений;Константа;Стан відправки серверних сповіщень;Константа_СостояниеОтправкиСерверныхОповещений.md
Константа.СписокЗапрещенныхРасширений;Константа;Список заборонених розширень;Константа_СписокЗапрещенныхРасширений.md
Константа.СписокЗапрещенныхРасширенийОбластиДанных;Константа;Список заборонених розширень області даних;Константа_СписокЗапрещенныхРасширенийОбластиДанных.md
Константа.СписокРасширенийТекстовыхФайлов;Константа;Список розширень текстових файлів;Константа_СписокРасширенийТекстовыхФайлов.md
Константа.СписокРасширенийФайловOpenDocument;Константа;Список розширень файлів OpenDocument;Константа_СписокРасширенийФайловOpenDocument.md
Константа.СписокРасширенийФайловOpenDocumentОбластиДанных;Константа;Список розширень файлів OpenDocument;Константа_СписокРасширенийФайловOpenDocumentОбластиДанных.md
Константа.СпособЗачетаПредоплатыПоУмолчанию;Константа;Спосіб заліку передоплати за замовчуванням;Константа_СпособЗачетаПредоплатыПоУмолчанию.md
Константа.СпособИспользованияВидовЦенДляВозвратов;Константа;Спосіб використання видів цін для повернень;Константа_СпособИспользованияВидовЦенДляВозвратов.md
Константа.СпособРазнесенияОплатыПоУмолчанию;Константа;Спосіб рознесення оплати за замовчуванням;Константа_СпособРазнесенияОплатыПоУмолчанию.md
Константа.СпособХраненияФайлов;Константа;Спосіб зберігання файлів;Константа_СпособХраненияФайлов.md
Константа.СрокОплатыПокупателя;Константа;Термін оплати покупця;Константа_СрокОплатыПокупателя.md
Константа.СрокОплатыПоставщику;Константа;Термін оплати постачальникові;Константа_СрокОплатыПоставщику.md
Константа.СтандартныеПодсистемыВАвтономномРежиме;Константа;Стандартні підсистеми в автономному режимі;Константа_СтандартныеПодсистемыВАвтономномРежиме.md
Константа.СтатусОбновленияКонфигурации;Константа;Статус оновлення конфігурації;Константа_СтатусОбновленияКонфигурации.md
Константа.СчетУчетаЗапасовДляНоменклатурыПоУмолчанию;Константа;Рахунок обліку запасів для номенклатури за замовчуванням;Константа_СчетУчетаЗапасовДляНоменклатурыПоУмолчанию.md
Константа.ТекущийРежимЗапускаУНФ;Константа;Поточний режим запуску УНФ;Константа_ТекущийРежимЗапускаУНФ.md
Константа.ТипПодписиКриптографииПоУмолчанию;Константа;Тип підпису криптографії за замовчуванням;Константа_ТипПодписиКриптографииПоУмолчанию.md
Константа.ТипыИнцидентовЦККАктуальны;Константа;Типи інцидентів ЦКЯ є актуальними;Константа_ТипыИнцидентовЦККАктуальны.md
Константа.УдалитьАдресатыПолученияОтчетаПоЖурналуРегистрации;Константа;(не використовується) Адресати отримання звіту по журналу реєстрації;Константа_УдалитьАдресатыПолученияОтчетаПоЖурналуРегистрации.md
Константа.УдалитьАртикулНоменклатурыВСодержание;Константа;(не використовується) Артикул номенклатури в зміст;Константа_УдалитьАртикулНоменклатурыВСодержание.md
Константа.УдалитьВерсияНачалаРаботыСПрограммой;Константа;(не використовується) Версія початку роботи з програмою;Константа_УдалитьВерсияНачалаРаботыСПрограммой.md
Константа.УдалитьВидБизнесаОрганизации;Константа;Вилучити вид бізнесу організації;Константа_УдалитьВидБизнесаОрганизации.md
Константа.УдалитьДатаОбновленияНаРелиз_1_4_1;Константа;Дата оновлення інформаційної бази на реліз 1.4.1;Константа_УдалитьДатаОбновленияНаРелиз_1_4_1.md
Константа.УдалитьДоговорыКонтрагентовТехническиеКомандыПечати;Константа;(не використовується) Договори контрагентів технічні команди друку;Константа_УдалитьДоговорыКонтрагентовТехническиеКомандыПечати.md
Константа.УдалитьИдентификацияПриложенияGoogle;Константа;Вилучити Ідентифікація клієнта Google;Константа_УдалитьИдентификацияПриложенияGoogle.md
Константа.УдалитьИспользоватьНовуюФормуПодбораНоменклатуры;Константа;Вилучити використовувати нову форму підбору номенклатури;Константа_УдалитьИспользоватьНовуюФормуПодбораНоменклатуры.md
Константа.УдалитьИспользоватьОнлайнОплаты;Константа;(не використовується) Використовувати онлайн оплати;Константа_УдалитьИспользоватьОнлайнОплаты.md
Константа.УдалитьИспользоватьРабочиеПроцессы;Константа;(не використовується) Робочі процеси;Константа_УдалитьИспользоватьРабочиеПроцессы.md
Константа.УдалитьИспользоватьСостоянияЗаказовНаПроизводство;Константа;(не використовується) використовувати стан замовлень на виробництво;Константа_УдалитьИспользоватьСостоянияЗаказовНаПроизводство.md
Константа.УдалитьИспользоватьСостоянияЗаказовПокупателей;Константа;(не використовується) використовувати стан замовлень покупців;Константа_УдалитьИспользоватьСостоянияЗаказовПокупателей.md
Константа.УдалитьИспользоватьСостоянияЗаказовПоставщикам;Константа;(не використовується) використовувати стан замовлень постачальникам;Константа_УдалитьИспользоватьСостоянияЗаказовПоставщикам.md
Константа.УдалитьИспользоватьТелефонию;Константа;(не використовується) використовувати телефонію;Константа_УдалитьИспользоватьТелефонию.md
Константа.УдалитьНастройкиВходаПользователей;Константа;(не використовується) Налаштування входу користувачів;Константа_УдалитьНастройкиВходаПользователей.md
Константа.УдалитьНеПроводитьДокументыСНекорректнымиДоговорами;Константа;Вилучити не проводити документи з некоректними договорами;Константа_УдалитьНеПроводитьДокументыСНекорректнымиДоговорами.md
Константа.УдалитьПлановаяДатаОптимизацииИтогов;Константа;(не використовується) Планова дата оптимізації підсумків;Константа_УдалитьПлановаяДатаОптимизацииИтогов.md
Константа.УдалитьСостояниеВРаботеЗаказовНаПроизводство;Константа;(не використовується) стан в роботі замовлень на виробництво;Константа_УдалитьСостояниеВРаботеЗаказовНаПроизводство.md
Константа.УдалитьСостояниеВРаботеЗаказовПокупателей;Константа;(не використовується) стан в роботі замовлень покупців;Константа_УдалитьСостояниеВРаботеЗаказовПокупателей.md
Константа.УдалитьСостояниеВРаботеЗаказовПоставщикам;Константа;(не використовується) стан в роботі замовлень постачальникам;Константа_УдалитьСостояниеВРаботеЗаказовПоставщикам.md
Константа.УдалитьСостояниеВыполненЗаказовНаПроизводство;Константа;(не використовується) стан виконаний замовлень на виробництво;Константа_УдалитьСостояниеВыполненЗаказовНаПроизводство.md
Константа.УдалитьСостояниеВыполненЗаказовПокупателей;Константа;(не використовується) стан виконаний замовлень покупців;Константа_УдалитьСостояниеВыполненЗаказовПокупателей.md
Константа.УдалитьСостояниеВыполненЗаказовПоставщикам;Константа;(не використовується) стан виконаний замовлень постачальникам;Константа_УдалитьСостояниеВыполненЗаказовПоставщикам.md
Константа.УдалитьТелефонияЖурналЗвонковОбновлен;Константа;(не використовується) телефонія журнал дзвінків оновлений;Константа_УдалитьТелефонияЖурналЗвонковОбновлен.md
Константа.УдалитьФункциональнаяОпцияИспользоватьМассовыеРассылки;Константа;(не використовується) Масові розсилки;Константа_УдалитьФункциональнаяОпцияИспользоватьМассовыеРассылки.md
Константа.УдалитьЭтоМобильноеПриложение;Константа;(Не використовується) Це мобільний додаток;Константа_УдалитьЭтоМобильноеПриложение.md
Константа.УдалятьНепробитыеЧекиПриЗакрытииКассовойСмены;Константа;Вилучати непробиті чеки при закритті касової зміни;Константа_УдалятьНепробитыеЧекиПриЗакрытииКассовойСмены.md
Константа.УсовершенствоватьПодписиАвтоматически;Константа;Удосконалити підписи автоматично;Константа_УсовершенствоватьПодписиАвтоматически.md
Константа.УсовершенствоватьПодписиСДаты;Константа;Удосконалити підписи з дати;Константа_УсовершенствоватьПодписиСДаты.md
Константа.УчетнаяЗаписьДляВосстановленияПароля;Константа;Обліковий запис для відновлення пароля;Константа_УчетнаяЗаписьДляВосстановленияПароля.md
Константа.УчетПоКомпании;Константа;Облік за компанією;Константа_УчетПоКомпании.md
Константа.УчетПотребностиПоСкладам;Константа;Облік потреби за складами;Константа_УчетПотребностиПоСкладам.md
Константа.ФункциональнаяОпцияВестиУчетНалогаНаДоходыИВзносов;Константа;Вести облік податку на доходи й внесків;Константа_ФункциональнаяОпцияВестиУчетНалогаНаДоходыИВзносов.md
Константа.ФункциональнаяОпцияВестиУчетРасчетовСБанкомЭквайрером;Константа;Вести облік розрахунків з банком-еквайрером;Константа_ФункциональнаяОпцияВестиУчетРасчетовСБанкомЭквайрером.md
Константа.ФункциональнаяОпцияВестиШтатноеРасписание;Константа;Вести штатний розклад;Константа_ФункциональнаяОпцияВестиШтатноеРасписание.md
Константа.ФункциональнаяОпцияВыполнениеЭтаповРазнымиПодразделениями;Константа;Виконання етапів різними підрозділами;Константа_ФункциональнаяОпцияВыполнениеЭтаповРазнымиПодразделениями.md
Константа.ФункциональнаяОпцияИспользоватьАвтоматическиеСкидкиНаценки;Константа;Функціональна опція використовувати автоматичні знижки націнки;Константа_ФункциональнаяОпцияИспользоватьАвтоматическиеСкидкиНаценки.md
Константа.ФункциональнаяОпцияИспользоватьАгентскиеПлатежиИРазделениеВыручки;Константа;Використовувати агентські платежі і розділення виручки;Константа_ФункциональнаяОпцияИспользоватьАгентскиеПлатежиИРазделениеВыручки.md
Константа.ФункциональнаяОпцияИспользоватьАгентскиеУслуги;Константа;Використовувати агентські послуги;Константа_ФункциональнаяОпцияИспользоватьАгентскиеУслуги.md
Константа.ФункциональнаяОпцияИспользоватьБонусныеПрограммы;Константа;Функціональна опція використовувати бонусні програми;Константа_ФункциональнаяОпцияИспользоватьБонусныеПрограммы.md
Константа.ФункциональнаяОпцияИспользоватьБюджетирование;Константа;Використовувати бюджетування;Константа_ФункциональнаяОпцияИспользоватьБюджетирование.md
Константа.ФункциональнаяОпцияИспользоватьДисконтныеКарты;Константа;Функціональна опція використовувати дисконтні картки;Константа_ФункциональнаяОпцияИспользоватьДисконтныеКарты.md
Константа.ФункциональнаяОпцияИспользоватьЗаказыВРозничнойТорговле;Константа;Використовувати замовлення покупців в роздрібній торгівлі;Константа_ФункциональнаяОпцияИспользоватьЗаказыВРозничнойТорговле.md
Константа.ФункциональнаяОпцияИспользоватьЗаказыВРозничнойТорговлеДляНастроек;Константа;Використовувати замовлення покупців в роздрібній торгівлі;Константа_ФункциональнаяОпцияИспользоватьЗаказыВРозничнойТорговлеДляНастроек.md
Константа.ФункциональнаяОпцияИспользоватьКорректировкиДолга;Константа;Коригування боргу;Константа_ФункциональнаяОпцияИспользоватьКорректировкиДолга.md
Константа.ФункциональнаяОпцияИспользоватьМинимальныеЦены;Константа;Використовувати мінімальні ціни;Константа_ФункциональнаяОпцияИспользоватьМинимальныеЦены.md
Константа.ФункциональнаяОпцияИспользоватьНаборы;Константа;Використовувати набори;Константа_ФункциональнаяОпцияИспользоватьНаборы.md
Константа.ФункциональнаяОпцияИспользоватьОбменССайтами;Константа;Використовувати обмін з сайтами;Константа_ФункциональнаяОпцияИспользоватьОбменССайтами.md
Константа.ФункциональнаяОпцияИспользоватьОписьСдаваемыхДенег;Константа;Функціональна опція використовувати опис коштів, що здаються;Константа_ФункциональнаяОпцияИспользоватьОписьСдаваемыхДенег.md
Константа.ФункциональнаяОпцияИспользоватьОплатуКартами;Константа;Функціональна опція використовувати оплату картками;Константа_ФункциональнаяОпцияИспользоватьОплатуКартами.md
Константа.ФункциональнаяОпцияИспользоватьОплатуКартамиВОптовойТорговле;Константа;Використовувати оплату платіжними картками в оптовій торгівлі;Константа_ФункциональнаяОпцияИспользоватьОплатуКартамиВОптовойТорговле.md
Константа.ФункциональнаяОпцияИспользоватьОплатуКредитом;Константа;Функціональна опція використовувати оплату кредитом;Константа_ФункциональнаяОпцияИспользоватьОплатуКредитом.md
Константа.ФункциональнаяОпцияИспользоватьОрдерныйСклад;Константа;Використовувати ордерний склад;Константа_ФункциональнаяОпцияИспользоватьОрдерныйСклад.md
Константа.ФункциональнаяОпцияИспользоватьОтчетность;Константа;Використовувати регламентовану звітність;Константа_ФункциональнаяОпцияИспользоватьОтчетность.md
Константа.ФункциональнаяОпцияИспользоватьПараметрическиеСпецификации;Константа;Функціональна опція використовувати параметричні специфікації;Константа_ФункциональнаяОпцияИспользоватьПараметрическиеСпецификации.md
Константа.ФункциональнаяОпцияИспользоватьПартии;Константа;Використовувати партії;Константа_ФункциональнаяОпцияИспользоватьПартии.md
Константа.ФункциональнаяОпцияИспользоватьПечатьЭтикетокИЦенников;Константа;Друк етикеток і цінників;Константа_ФункциональнаяОпцияИспользоватьПечатьЭтикетокИЦенников.md
Константа.ФункциональнаяОпцияИспользоватьПланПродаж;Константа;Планування продажів;Константа_ФункциональнаяОпцияИспользоватьПланПродаж.md
Константа.ФункциональнаяОпцияИспользоватьПодарочныеСертификаты;Константа;Функціональна опція використовувати подарункові сертифікати;Константа_ФункциональнаяОпцияИспользоватьПодарочныеСертификаты.md
Константа.ФункциональнаяОпцияИспользоватьПодключаемоеОборудование;Константа;Використовувати торгове обладнання;Константа_ФункциональнаяОпцияИспользоватьПодключаемоеОборудование.md
Константа.ФункциональнаяОпцияИспользоватьПодсистемуЗарплата;Константа;Використовувати підсистему Зарплата;Константа_ФункциональнаяОпцияИспользоватьПодсистемуЗарплата.md
Константа.ФункциональнаяОпцияИспользоватьПодсистемуПроизводство;Константа;Використовувати підсистему Виробництво;Константа_ФункциональнаяОпцияИспользоватьПодсистемуПроизводство.md
Константа.ФункциональнаяОпцияИспользоватьПодсистемуПроизводствоМоб;Константа;Використовувати підсистему Виробництво (мобільне);Константа_ФункциональнаяОпцияИспользоватьПодсистемуПроизводствоМоб.md
Константа.ФункциональнаяОпцияИспользоватьПодсистемуРаботы;Константа;Використовувати підсистему Роботи;Константа_ФункциональнаяОпцияИспользоватьПодсистемуРаботы.md
Константа.ФункциональнаяОпцияИспользоватьПредоплатуВЧекахККМ;Константа;Функціональна опція використовувати передоплату в чеках ККМ;Константа_ФункциональнаяОпцияИспользоватьПредоплатуВЧекахККМ.md
Константа.ФункциональнаяОпцияИспользоватьРезервированиеДенежныхСредств;Константа;Функціональна опція використовувати резервування грошових коштів;Константа_ФункциональнаяОпцияИспользоватьРезервированиеДенежныхСредств.md
Константа.ФункциональнаяОпцияИспользоватьРучныеСкидкиНаценкиЗакупки;Константа;Використовувати ручні построкові знижки, націнки в закупівлях;Константа_ФункциональнаяОпцияИспользоватьРучныеСкидкиНаценкиЗакупки.md
Константа.ФункциональнаяОпцияИспользоватьРучныеСкидкиНаценкиПродажи;Константа;Використовувати ручні построкові знижки, націнки в продажах;Константа_ФункциональнаяОпцияИспользоватьРучныеСкидкиНаценкиПродажи.md
Константа.ФункциональнаяОпцияИспользоватьСборкуЗаказов;Константа;Функціональна опція використовувати збирання замовлень;Константа_ФункциональнаяОпцияИспользоватьСборкуЗаказов.md
Константа.ФункциональнаяОпцияИспользоватьСверкиВзаиморасчетов;Константа;Звірки взаєморозрахунків;Константа_ФункциональнаяОпцияИспользоватьСверкиВзаиморасчетов.md
Константа.ФункциональнаяОпцияИспользоватьСервисЗакупкаТоваров;Константа;Закупівля товарів;Константа_ФункциональнаяОпцияИспользоватьСервисЗакупкаТоваров.md
Константа.ФункциональнаяОпцияИспользоватьСервисРасчетПотребностей;Константа;Розрахунок потреб;Константа_ФункциональнаяОпцияИспользоватьСервисРасчетПотребностей.md
Константа.ФункциональнаяОпцияИспользоватьСовместительство;Константа;Використовувати сумісництво;Константа_ФункциональнаяОпцияИспользоватьСовместительство.md
Константа.ФункциональнаяОпцияИспользоватьТехоперации;Константа;Використовувати технологічні операції;Константа_ФункциональнаяОпцияИспользоватьТехоперации.md
Константа.ФункциональнаяОпцияИспользоватьХарактеристики;Константа;Використовувати характеристики;Константа_ФункциональнаяОпцияИспользоватьХарактеристики.md
Константа.ФункциональнаяОпцияИспользоватьЧастичноеПогашениеСертификатов;Константа;Функціональна опція використовувати часткове погашення сертифікатів;Константа_ФункциональнаяОпцияИспользоватьЧастичноеПогашениеСертификатов.md
Константа.ФункциональнаяОпцияИспользоватьШтрихкодАкцизнойМаркиПриПечатиЧека;Константа;Використовувати штрихкод акцизної марки під час друку чека;Константа_ФункциональнаяОпцияИспользоватьШтрихкодАкцизнойМаркиПриПечатиЧека.md
Константа.ФункциональнаяОпцияИспользоватьЭтапыПроизводства;Константа;Функціональна опція використовувати етапи виробництва;Константа_ФункциональнаяОпцияИспользоватьЭтапыПроизводства.md
Константа.ФункциональнаяОпцияИспользуетсяОСНО;Константа;Використовується загальна система оподатковування;Константа_ФункциональнаяОпцияИспользуетсяОСНО.md
Константа.ФункциональнаяОпцияКассовыйМетодУчетаДоходовИРасходов;Константа;Касовий метод обліку доходів і витрат;Константа_ФункциональнаяОпцияКассовыйМетодУчетаДоходовИРасходов.md
Константа.ФункциональнаяОпцияКонтрольДоговоров;Константа;Функціональна опція контроль договорів;Константа_ФункциональнаяОпцияКонтрольДоговоров.md
Константа.ФункциональнаяОпцияКредитыИЗаймы;Константа;Кредити й позики;Константа_ФункциональнаяОпцияКредитыИЗаймы.md
Константа.ФункциональнаяОпцияПередачаЗапасовНаОтветХранение;Константа;Передача запасів на відповідальне зберігання;Константа_ФункциональнаяОпцияПередачаЗапасовНаОтветХранение.md
Константа.ФункциональнаяОпцияПередачаСырьяВПереработку;Константа;Передача сировини в переробку;Константа_ФункциональнаяОпцияПередачаСырьяВПереработку.md
Константа.ФункциональнаяОпцияПередачаТоваровНаКомиссию;Константа;Передача товарів на комісію;Константа_ФункциональнаяОпцияПередачаТоваровНаКомиссию.md
Константа.ФункциональнаяОпцияПереработкаДавальческогоСырья;Константа;Переробка давальницької сировини;Константа_ФункциональнаяОпцияПереработкаДавальческогоСырья.md
Константа.ФункциональнаяОпцияПланироватьЗагрузкуРесурсовПредприятия;Константа;Планувати завантаження ресурсів підприємства;Константа_ФункциональнаяОпцияПланироватьЗагрузкуРесурсовПредприятия.md
Константа.ФункциональнаяОпцияПланироватьЗагрузкуРесурсовПредприятияЖурналЗаписи;Константа;Планувати завантаження ресурсів підприємства (журнал запису);Константа_ФункциональнаяОпцияПланироватьЗагрузкуРесурсовПредприятияЖурналЗаписи.md
Константа.ФункциональнаяОпцияПланироватьЗагрузкуРесурсовПредприятияРаботы;Константа;Планувати завантаження ресурсів підприємства (роботи);Константа_ФункциональнаяОпцияПланироватьЗагрузкуРесурсовПредприятияРаботы.md
Константа.ФункциональнаяОпцияПлатежныйКалендарь;Константа;Платіжний календар;Константа_ФункциональнаяОпцияПлатежныйКалендарь.md
Константа.ФункциональнаяОпцияПриемЗапасовНаОтветХранение;Константа;Прийом запасів на відповідальне зберігання;Константа_ФункциональнаяОпцияПриемЗапасовНаОтветХранение.md
Константа.ФункциональнаяОпцияПриемТоваровНаКомиссию;Константа;Прийом товарів на комісію;Константа_ФункциональнаяОпцияПриемТоваровНаКомиссию.md
Константа.ФункциональнаяОпцияРазноситьОплатуОтЭквайрераПоЭквайринговымОперациям;Константа;Функціональна опція розносити оплату від еквайрера за еквайринговими операціями;Константа_ФункциональнаяОпцияРазноситьОплатуОтЭквайрераПоЭквайринговымОперациям.md
Константа.ФункциональнаяОпцияРазрешитьСкладыВТабличныхЧастях;Константа;Функціональна опція дозволити склади в табличних частинах;Константа_ФункциональнаяОпцияРазрешитьСкладыВТабличныхЧастях.md
Константа.ФункциональнаяОпцияРезервированиеЗапасов;Константа;Резервування запасів;Константа_ФункциональнаяОпцияРезервированиеЗапасов.md
Константа.ФункциональнаяОпцияСуммовойУчетВРознице;Константа;Сумовий облік у роздробі;Константа_ФункциональнаяОпцияСуммовойУчетВРознице.md
Константа.ФункциональнаяОпцияУчетВнеоборотныхАктивов;Константа;Облік майна;Константа_ФункциональнаяОпцияУчетВнеоборотныхАктивов.md
Константа.ФункциональнаяОпцияУчетВРазличныхЕдиницахИзмерения;Константа;Облік у різних одиницях виміру;Константа_ФункциональнаяОпцияУчетВРазличныхЕдиницахИзмерения.md
Константа.ФункциональнаяОпцияУчетПоНесколькимНаправлениямДеятельности;Константа;Облік за декількома напрямками діяльності;Константа_ФункциональнаяОпцияУчетПоНесколькимНаправлениямДеятельности.md
Константа.ФункциональнаяОпцияУчетПоНесколькимОрганизациям;Константа;Облік за декількома організаціями;Константа_ФункциональнаяОпцияУчетПоНесколькимОрганизациям.md
Константа.ФункциональнаяОпцияУчетПоНесколькимПодразделениям;Константа;Функціональна опція облік за декількома підрозділами;Константа_ФункциональнаяОпцияУчетПоНесколькимПодразделениям.md
Константа.ФункциональнаяОпцияУчетПоНесколькимСкладам;Константа;Функціональна опція облік за декількома складами;Константа_ФункциональнаяОпцияУчетПоНесколькимСкладам.md
Константа.ФункциональнаяОпцияУчетПоПроектам;Константа;Облік за проектами;Константа_ФункциональнаяОпцияУчетПоПроектам.md
Константа.ФункциональнаяОпцияУчетПоЯчейкам;Константа;Облік за комірками;Константа_ФункциональнаяОпцияУчетПоЯчейкам.md
Константа.ФункциональнаяОпцияУчетРозничныхПродаж;Константа;Облік роздрібних продажів;Константа_ФункциональнаяОпцияУчетРозничныхПродаж.md
Константа.ФункциональнаяОпцияУчетЦенКонтрагентов;Константа;Функціональна опція облік цін контрагентів;Константа_ФункциональнаяОпцияУчетЦенКонтрагентов.md
Константа.ФункциональнаяУчетВалютныхОпераций;Константа;Облік валютних операцій;Константа_ФункциональнаяУчетВалютныхОпераций.md
Константа.ХранитьФайлыВТомахНаДиске;Константа;Зберігати файли в томах на диску;Константа_ХранитьФайлыВТомахНаДиске.md
Константа.ЧасовойПоясОбластиДанных;Константа;Часовий пояс області даних;Константа_ЧасовойПоясОбластиДанных.md
Константа.ЧастотаРасчетаКурсовыхРазниц;Константа;Частота розрахунків курсових різниць;Константа_ЧастотаРасчетаКурсовыхРазниц.md
Константа.ШаблонНаименованияДоговоров;Константа;Шаблон найменування договорів;Константа_ШаблонНаименованияДоговоров.md
Константа.ЭтоАвтономноеРабочееМесто;Константа;Це автономне робоче місце;Константа_ЭтоАвтономноеРабочееМесто.md
Константа.ЭтоОбычноеПриложение;Константа;Це звичайний додаток;Константа_ЭтоОбычноеПриложение.md
Перечисление.АналитикаПлатежногоКалендаря;Перечисление;Аналітика платіжного календаря;Перечисление_АналитикаПлатежногоКалендаря.md
Перечисление.БазыРаспределенияРасходов;Перечисление;Бази розподілу витрат;Перечисление_БазыРаспределенияРасходов.md
Перечисление.БиллингПериодичностьДоговораОбслуживания;Перечисление;Білінг періодичність договору обслуговування;Перечисление_БиллингПериодичностьДоговораОбслуживания.md
Перечисление.БиллингФормированиеЦеныЗатрат;Перечисление;Білінг формування ціни витрат;Перечисление_БиллингФормированиеЦеныЗатрат.md
Перечисление.БиллингФормированиеЦеныНоменклатуры;Перечисление;Білінг формування ціни номенклатури;Перечисление_БиллингФормированиеЦеныНоменклатуры.md
Перечисление.БулевоТриСостояния;Перечисление;Булево три стани;Перечисление_БулевоТриСостояния.md
Перечисление.ВариантЗавершенияРаботыСЛидом;Перечисление;Варіант завершення роботи з лідом;Перечисление_ВариантЗавершенияРаботыСЛидом.md
Перечисление.ВариантПредоставленияСкидкиПоНоменклатуре;Перечисление;Варіант надання знижки за номенклатурою;Перечисление_ВариантПредоставленияСкидкиПоНоменклатуре.md
Перечисление.ВариантыВажности;Перечисление;Варіанти важливості;Перечисление_ВариантыВажности.md
Перечисление.ВариантыВерсионированияОбъектов;Перечисление;Варіанти версіонування об`єктів;Перечисление_ВариантыВерсионированияОбъектов.md
Перечисление.ВариантыВозвратаПоЗакрытойСмене;Перечисление;Варіанти повернення по закритій зміні;Перечисление_ВариантыВозвратаПоЗакрытойСмене.md
Перечисление.ВариантыВыводаМесяцаВДатеДокумента;Перечисление;Варіанти виводу місяця в даті документа;Перечисление_ВариантыВыводаМесяцаВДатеДокумента.md
Перечисление.ВариантыДетализацииИтоговБанкИКасса;Перечисление;Варіанти деталізації підсумків. Банк і каса.;Перечисление_ВариантыДетализацииИтоговБанкИКасса.md
Перечисление.ВариантыДиаграммыПлатежныйКалендарь;Перечисление;Варіанти діаграми платіжний календар;Перечисление_ВариантыДиаграммыПлатежныйКалендарь.md
Перечисление.ВариантыЗавершенияЗаказа;Перечисление;Варіанти завершення замовлення;Перечисление_ВариантыЗавершенияЗаказа.md
Перечисление.ВариантыЗавершенияРемонта;Перечисление;Варіанти завершення ремонту;Перечисление_ВариантыЗавершенияРемонта.md
Перечисление.ВариантыЗагрузкиПисем;Перечисление;Варіанти завантаження листів;Перечисление_ВариантыЗагрузкиПисем.md
Перечисление.ВариантыЗаписиНаУслуги;Перечисление;Варіанти запису на послуги;Перечисление_ВариантыЗаписиНаУслуги.md
Перечисление.ВариантыЗаполненияДатыОтгрузки;Перечисление;Варіанти заповнення дати відвантаження;Перечисление_ВариантыЗаполненияДатыОтгрузки.md
Перечисление.ВариантыЗаполненияРасшифровкиПлатежа;Перечисление;Варіанти заповнення розшифрування платежу;Перечисление_ВариантыЗаполненияРасшифровкиПлатежа.md
Перечисление.ВариантыИзмененияДанныхВДокументахИзПомощника;Перечисление;Варіанти зміни даних в документах з помічника;Перечисление_ВариантыИзмененияДанныхВДокументахИзПомощника.md
Перечисление.ВариантыИспользованияВнешнихКомпонент;Перечисление;Варіанти використання зовнішніх компонент;Перечисление_ВариантыИспользованияВнешнихКомпонент.md
Перечисление.ВариантыИспользованияПоложенийДляРасчетаПремий;Перечисление;Варіанти використання положень для розрахунку премій;Перечисление_ВариантыИспользованияПоложенийДляРасчетаПремий.md
Перечисление.ВариантыОбластейОграниченияСкидокНаценок;Перечисление;Варіанти областей обмеження знижок націнок;Перечисление_ВариантыОбластейОграниченияСкидокНаценок.md
Перечисление.ВариантыОбновленияЗаказовИнтернетМагазина;Перечисление;Варіанти оновлення замовлень інтернет магазину;Перечисление_ВариантыОбновленияЗаказовИнтернетМагазина.md
Перечисление.ВариантыОграниченийСкидокПоКонтрагентам;Перечисление;Варіанти обмежень знижок за контрагентами;Перечисление_ВариантыОграниченийСкидокПоКонтрагентам.md
Перечисление.ВариантыОграниченийСкидокПоНоменклатуре;Перечисление;Варіанти обмежень знижок за номенклатурою;Перечисление_ВариантыОграниченийСкидокПоНоменклатуре.md
Перечисление.ВариантыОкругления;Перечисление;Варіанти округлення;Перечисление_ВариантыОкругления.md
Перечисление.ВариантыОтбораУслуг;Перечисление;Варіанти відбору послуг;Перечисление_ВариантыОтбораУслуг.md
Перечисление.ВариантыОтображенияИтоговБанкИКасса;Перечисление;Варіанти відображення підсумків. Банк і каса.;Перечисление_ВариантыОтображенияИтоговБанкИКасса.md
Перечисление.ВариантыОтображенияКартинок;Перечисление;Варіанти відображення картинок;Перечисление_ВариантыОтображенияКартинок.md
Перечисление.ВариантыОтправкиSMSПриПродаже;Перечисление;Варіанти відправки SMSПри продажі;Перечисление_ВариантыОтправкиSMSПриПродаже.md
Перечисление.ВариантыОчисткиФайлов;Перечисление;Варіанти очищення файлів;Перечисление_ВариантыОчисткиФайлов.md
Перечисление.ВариантыПериода;Перечисление;Варіанти періоду;Перечисление_ВариантыПериода.md
Перечисление.ВариантыПечатиДоставки;Перечисление;Варіанти друку доставки;Перечисление_ВариантыПечатиДоставки.md
Перечисление.ВариантыПечатиНаборов;Перечисление;Варіанти друку наборів;Перечисление_ВариантыПечатиНаборов.md
Перечисление.ВариантыПечатиПрайсЛиста;Перечисление;Варіанти друку прайс листа;Перечисление_ВариантыПечатиПрайсЛиста.md
Перечисление.ВариантыПогашенияЗаймаСотрудником;Перечисление;Варіанти погашення позики співробітником;Перечисление_ВариантыПогашенияЗаймаСотрудником.md
Перечисление.ВариантыПодтвержденияНовогоКлиента;Перечисление;Варіанти підтвердження нового клієнта;Перечисление_ВариантыПодтвержденияНовогоКлиента.md
Перечисление.ВариантыПредставленияПериода;Перечисление;Варіанти представлення періоду;Перечисление_ВариантыПредставленияПериода.md
Перечисление.ВариантыПроверокАнализаБизнеса;Перечисление;Варіанти перевірок аналізу бізнесу;Перечисление_ВариантыПроверокАнализаБизнеса.md
Перечисление.ВариантыПубликацииДополнительныхОтчетовИОбработок;Перечисление;Варіанти публікації додаткових звітів і обробок;Перечисление_ВариантыПубликацииДополнительныхОтчетовИОбработок.md
Перечисление.ВариантыПубликацииСкидок;Перечисление;Варіанти публікації знижок;Перечисление_ВариантыПубликацииСкидок.md
Перечисление.ВариантыРемонта;Перечисление;Варіанти ремонту;Перечисление_ВариантыРемонта.md
Перечисление.ВариантыСжатияTIFF;Перечисление;Варіанти ущільнення TIFF;Перечисление_ВариантыСжатияTIFF.md
Перечисление.ВариантыСинхронизацииПисем;Перечисление;Варіанти синхронізації листів;Перечисление_ВариантыСинхронизацииПисем.md
Перечисление.ВариантыСовместногоПримененияСкидокНаценок;Перечисление;Варіанти спільного застосування знижок націнок;Перечисление_ВариантыСовместногоПримененияСкидокНаценок.md
Перечисление.ВариантыСовместногоРасчетаПремий;Перечисление;Варіанти спільного розрахунку премій;Перечисление_ВариантыСовместногоРасчетаПремий.md
Перечисление.ВариантыСостоянияНовыхПисем;Перечисление;Варіанти стану нових листів;Перечисление_ВариантыСостоянияНовыхПисем.md
Перечисление.ВариантыУдаленияПисем;Перечисление;Варіанти вилучення листів;Перечисление_ВариантыУдаленияПисем.md